<?xml version="1.0" encoding="utf-8" ?>

<dialogs>

    <dialog>
        <name>ZECK</name>
        <image>zeck.jpg</image>
        <text>Ótimo, agora vocÊ pode navegar a vontade sem sofrer ataques de outros hackers...</text>
        <buttons>
            <button>Maravilha</button>
        </buttons>
    </dialog>

    <dialog>
        <name>ZECK</name>
        <image>zeck.jpg</image>
        <text>Mas seja rÁpido, serviÇos de VPN custam caro.</text>
        <buttons>
            <button>Ok</button>
        </buttons>
    </dialog>

    <dialog>
        <name>ZECK</name>
        <image>zeck.jpg</image>
        <text>Agora vamos atrÁs de dinheiro!</text>
        <buttons>
            <button>Vamos!</button>
        </buttons>
    </dialog>

    <dialog>
        <name>ZECK</name>
        <image>zeck.jpg</image>
        <text>Um jeito fÁcil de ganhar um bom dinheiro na deepweb É minerando BitCoins.</text>
        <buttons>
            <button>Ok</button>
        </buttons>
    </dialog>

    <dialog>
        <name>ZECK</name>
        <image>zeck pc.jpg</image>
        <text>Para fazer isso, vocÊ precisa de um script. VocÊ teria que fazer, mas eu tenho um para vocÊ usar.</text>
        <buttons>
            <button>Ok</button>
        </buttons>
    </dialog>

</dialogs>