<?xml version="1.0" encoding="utf-8" ?>

<dialogs>

    <dialog>
        <name>ZECK</name>
        <image>zeck.jpg</image>
        <text>FÁcil nÉ?</text>
        <buttons>
            <button>Sim</button>
        </buttons>
    </dialog>

    <dialog>
        <name>ZECK</name>
        <image>zeck.jpg</image>
        <text>Talvez vocÊ esteja se perguntando...</text>
        <buttons>
            <button>...</button>
        </buttons>
    </dialog>

    <dialog>
        <name>ZECK</name>
        <image>zeck.jpg</image>
        <text>"O quÊ raios sÃo Pontos de Skill?"</text>
        <buttons>
            <button>...</button>
        </buttons>
    </dialog>

    <dialog>
        <name>ZECK</name>
        <image>zeck.jpg</image>
        <text>VocÊ usa eles para programar, seja um script ou um vÍrus. EntÃo, quanto mais melhor!</text>
        <buttons>
            <button>Entendi</button>
        </buttons>
    </dialog>

    <dialog>
        <name>ZECK</name>
        <image>zeck.jpg</image>
        <text>Um jeito bom de ganhar experiÊncia e P. Skill É revisando cÓdigos. Tente fazer isso.</text>
        <buttons>
            <button>Ok</button>
        </buttons>
    </dialog>

</dialogs>