<?xml version="1.0" encoding="utf-8" ?>

<dialogs>

    <dialog>
        <name>ZECK</name>
        <image>zeck.jpg</image>
        <text>ParabÉns, vocÊ acaba de revisar o seu primeiro cÓdigo.</text>
        <buttons>
            <button>Obrigado</button>
        </buttons>
    </dialog>

    <dialog>
        <name>ZECK</name>
        <image>zeck.jpg</image>
        <text>Quanto mais vocÊ revisa cÓdigos, mais pontos de skill e xp vocÊ ganha.</text>
        <buttons>
            <button>Entendi</button>
        </buttons>
    </dialog>

    <dialog>
        <name>ZECK</name>
        <image>zeck.jpg</image>
        <text>Revise mais alguns e vocÊ terÁ o suficiente para fazer um script.</text>
        <buttons>
            <button>Ok</button>
        </buttons>
    </dialog>

    <dialog>
        <name>ZECK</name>
        <image>zeck.jpg</image>
        <text>Uma dica, quanto mais linhas puder fazer, maior É o pagamento. AlÉm disso, É bom aprender novas linguagens.</text>
        <buttons>
            <button>Ok</button>
        </buttons>
    </dialog>

    <dialog>
        <name>ZECK</name>
        <image>zeck.jpg</image>
        <text>Usar linguagens melhores acelera o processo de mineraÇÃo e multiplica o valor do pagamento.</text>
        <buttons>
            <button>Ok</button>
        </buttons>
    </dialog>

</dialogs>