<?xml version="1.0" encoding="utf-8" ?>

<dialogs>

    <dialog>
        <name>ZECK</name>
        <image>zeck.jpg</image>
        <text>Perfeito, agora É sÓ minerar.</text>
        <buttons>
            <button>Ok</button>
        </buttons>
    </dialog>

    <dialog>
        <name>ZECK</name>
        <image>zeck.jpg</image>
        <text>Minere quantos scripts conseguir.</text>
        <buttons>
            <button>Ok</button>
        </buttons>
    </dialog>

</dialogs>