<?xml version="1.0" encoding="utf-8" ?>

<dialogs>

    <dialog>
        <name>ZECK</name>
        <image>zeck.jpg</image>
        <text>OlÁ, eu sou Zeck, bem-vindo a deepweb >:D</text>
        <buttons>
            <button>OlÁ</button>
        </buttons>
    </dialog>

    <dialog>
        <name>ZECK</name>
        <image>zeck.jpg</image>
        <text>Esse É um caminho trilhado, tem certeza que deseja continuar?</text>
        <buttons>
            <button>Continuar</button>
        </buttons>
    </dialog>

    <dialog>
        <name>ZECK</name>
        <image>zeck.jpg</image>
        <text>Certo, a escolha É sua.</text>
        <buttons>
            <button>...</button>
        </buttons>
    </dialog>

    <dialog>
        <name>ZECK</name>
        <image>zeck.jpg</image>
        <text>Este É o seu endereco de IP: 193.923.167.7
        vocÊ estÁ na deepweb, É melhor mascarÁ-lo com uma VPN.</text>
        <buttons>
            <button>Ok</button>
        </buttons>
    </dialog>

</dialogs>