<?xml version="1.0" encoding="utf-8" ?>

<quests>
	<quest>
		<name>Mascarar IP</name>
		<instruction>Seu IP estÁ exposto, É melhor mascarÁ-lo utilizando um VPN. VocÊ consegue fazer isso clicando em 'serviÇos', depois em 'VPN'.</instruction>
	</quest>
	<quest>
		<name>Minerar BitCoins</name>
		<instruction>Um jeito fÁcil de ganhar dinheiro na deepweb É minerando BitCoins. Para fazer isso basta clicar em 'programaÇÃo', depois em 'bitCoins'. Minere bitCoins Usando o script do Zeck.</instruction>
	</quest>
	<quest>
		<name>Revisar CÓdigos</name>
		<instruction>Revise cÓdigos para ganhar experiÊncia e P. Skill. Para fazer isso basta clicar em 'programaÇÃo', depois em 'Revisar CÓdigos'.</instruction>
	</quest>
	<quest>
		<name>Criar um script</name>
		<instruction>Continue revisando cÓdigos atÉ cosenguir pontos de skill suficientes para criar um novo script de mineraÇÃo. Para isso basta clicar me 'programaÇÃo', depois em 'criar script'.</instruction>
	</quest>
</quests>