<?xml version="1.0" encoding="utf-8" ?>

<users>
	<user>xX_Gamer_Xx</user>
	<user>GeniCraftPVP</user>
	<user>HENRIQUENIXD</user>
	<user>JuninPVP_BR</user>
	<user>Manu2003</user>
	<user>HMFilho</user>
	<user>Bem343</user>
	<user>Julia4307</user>
	<user>Yasmin_S2</user>
	<user>Akfaster20</user>
	<user>Pedroaction</user>
	<user>Lememe</user>
	<user>MakotoSlayer</user>
	<user>Criador_CG</user>
	<user>Player_tals</user>
	<user>User_102931</user>
	<user>User_094890</user>
	<user>User_023422</user>
	<user>User_522887</user>
	<user>User_335255</user>
	<user>User_099088</user>
	<user>User_033827</user>
	<user>User_033875</user>
</users>